<?xml version="1.0" encoding="UTF-8"?>
<project-private xmlns="http://www.netbeans.org/ns/project-private/1">
    <editor-bookmarks xmlns="http://www.netbeans.org/ns/editor-bookmarks/2" lastBookmarkId="0"/>
    <open-files xmlns="http://www.netbeans.org/ns/projectui-open-files/2">
        <group>
            <file>file:/C:/Users/AJ/Documents/School/School/CSCI132/Inlab1/src/inlab1/Driver.java</file>
            <file>file:/C:/Users/AJ/Documents/School/School/CSCI132/Inlab1/src/inlab1/LinkedList.java</file>
            <file>file:/C:/Users/AJ/Documents/School/School/CSCI132/Inlab1/src/inlab1/Node.java</file>
        </group>
    </open-files>
</project-private>
